,resource_state,name,distance,moving_time,elapsed_time,total_elevation_gain,type,workout_type,id,external_id,upload_id,start_date,start_date_local,timezone,utc_offset,start_latlng,end_latlng,location_city,location_state,location_country,start_latitude,start_longitude,achievement_count,kudos_count,comment_count,athlete_count,photo_count,trainer,commute,manual,private,visibility,flagged,gear_id,from_accepted_tag,upload_id_str,average_speed,max_speed,average_cadence,average_temp,average_watts,weighted_average_watts,kilojoules,device_watts,has_heartrate,heartrate_opt_out,display_hide_heartrate_option,max_watts,elev_high,elev_low,pr_count,total_photo_count,has_kudoed,athlete.id,athlete.resource_state,map.id,map.summary_polyline,map.resource_state
0,2,ÂçàÈñìÈ®é‰πò ‚òÄÔ∏è,69706.0,13062,21190,297.0,Ride,10.0,4883961084,2021-03-03-102128-ELEMNT ROAM B77F-46-0.fit,5210054332,2021-03-03T10:21:28Z,2021-03-03T11:21:28Z,(GMT+01:00) Europe/Berlin,3600.0,"[48.132017, 11.554321]","[48.131722, 11.555357]",,,Taiwan,48.132017,11.554321,23,7,0,2,0,False,False,False,False,everyone,False,b6170754,False,5210054332,5.337,12.1,56.1,11.0,89.5,116.0,1169.5,True,False,False,False,522.0,612.2,508.0,7,10,False,8882041,1,a4883961084,axwdHouoeAj@aD_BYWuC}\f@_A_z@iHi@kFcG_Kmf@uQ{HuAgP}FbAeBs@_AfByXeOkEhOq[~Ds@}AzbA~gMdFNfBxB|@gBbFVZr@@jJn@gKa@rAXfDmAjZgApKmF~kAeAx`AEjRuEpd@?nRy@bFU|Of@jK_@dFzGh{@Q|OxCnLbAjT~[|kE`DzVrBzE~AdK`Lnf@u@rNyH`s@h@tPvBxTv@nUhIha@lGfTjKhWlH|RVvAw@jAvBpD`Hj\dCvSSjD_C~F]hChAlj@`@`DvDjF`@|CInEgC`G]~PgAhI{AvYeDjFeC`@mAxDoBjCoXp\{EjE{EpJgIhK}IxOqC`B_BbCl@pCbEfH|FuDnCbJxc@xGjBdAbGdG~OxWbChBnLjDbCjCvA|EpAe@b@yCj@k@lH`B`Uy@lLlYbRnKv@jAtBDhEnBvFbFhGxE`GKYnEoAnFb@mDp@l@zMdK~PdIl@pBfEdEfTvLlMzKnGzBxLrHp@|PeAv]h@te@}Dha@a@jMHn@dC~@uDp@e@|BlAtRvDrTfLh`@jEpK|ApJhBrF^bIt@|@tCiEbE_AlIfB~@jCrC~@oFnM`DbLpCpEdJjFhLdRvEbCzDzDn@dGfEbL~S~Z^hH_BfGElCbG\fMeEjIfF`FfEi@QwA`G`BxIxC~GlE`EbDiO}BiFtB_E`@uD{@{HsCkJSeL}F{Hg@yMzDoVhD|A\`AxA_@`@yAo@kAeAoHeD_J}BsPwCwLcImUcA_IkB}D\WsCwCc@yByBs[b@yk@M_I{AqO`C_BXmABcFwAiDD}GdAsGVaKScDmAmJqBoHsHwK{AuF{EuGmBi\xC_d@EmX{@kPRiQhXq|@jPiy@h@}KoOyA_ArAoGsAq@tGoAbBt@`AQrAa@kCL]eB@_EyLkToWjDtDlGeLsGcHcAwFqAuQkRqCgAyJM{HiC{Ly@aNoA_G]oKyDuB]gAW_h@oA_ZCaLqS}d@kNwQmJsOgUkbAuKgb@o@_DkAuI_Qma@wD}UsBsa@n@kPMcM`BiWnBcOoC}GH_Dz@j@}@u@G~@tDnCb@e@hHib@lAmDoG{HyTg]qFcGlBkP}BsA{ArFsMeJiSy\sH_HxCsOsBkCeEmAoCgFwA}EgCkVwBgCqEmBhEqZu@e]rEm`BCtAwAqq@_Doq@B{GjA_OjQqxARat@qFa}@M}NL{Ok@kEiPke@cBmSU{YaRoEkc@qFt@}JZgS{EiRoHuG[kA[uIhAcVoDuEuFcDiF_JgCaB,2
1,2,ÊôöÈñìÈ®é‰πò,0.0,3968,3968,0.0,Ride,10.0,4860068244,2021-02-27-151828-ELEMNT ROAM B77F-45-0.fit,5184197346,2021-02-27T15:18:28Z,2021-02-27T23:18:28Z,(GMT+08:00) Asia/Taipei,28800.0,,,,,Taiwan,,,0,2,0,1,0,True,False,False,False,everyone,False,b6170754,False,5184197346,0.0,0.0,77.1,19.0,157.4,180.0,624.7,True,False,False,False,339.0,,,0,1,False,8882041,1,a4860068244,,2
2,2,Schliersee - Neureuth - Tegernsee ‚òÄÔ∏è,14141.2,12984,18666,672.2,Hike,,4853140862,2021-02-26-090444-ELEMNT ROAM B77F-44-0.fit,5176892411,2021-02-26T09:04:44Z,2021-02-26T10:04:44Z,(GMT+01:00) Europe/Berlin,3600.0,"[47.735325, 11.860695]","[47.713875, 11.757323]",,,Taiwan,47.735325,11.860695,0,13,0,1,0,False,False,False,False,everyone,False,,False,5176892411,1.089,4.5,,19.0,,,,,False,False,False,,1330.6,765.4,0,13,False,8882041,1,a4853140862,whjbHipkgA`Bz@[tBLKL}@Z]dAXRf@`B|@In@NrB[tBTHB?]BF\YjBfB|LP`ClATxC{At@`@^bBIeAH^TbEQbIzBBLRMxE`A~EAv@^`EOpD\P_B@LFEP_@Py@rD_BpCIz@PZnCvA`@p@pBxAb@~AVZJEf@n@vA\r@~@b@pAFrDhAtBrFzE\p@AVfD|@pAxAdBlA`@fC~@pARfBz@bAAf@f@h@j@|Cp@rBb@f@hApEJbCzCdE?p@Td@R`DBNBKDd@EfAZ~BMx@b@ZHtAhAfBnAt@~BbC^fABb@dAfB?fAVdB`A`B\vBHhBTl@?rAHbCFg@l@kAHy@h@CNmAb@e@dAGj@Pp@n@lBd@fA`Ab@FHZf@d@l@\|@FhCxBvEjC`ApAIG?PRd@`Bv@l@fAZHfACj@i@Fn@vA{@x@LJ|@~A~BjBlB`BdDELl@d@Pn@p@`@pA|BVHINHKGCJDF^i@IQWaAlAaCp@k@So@u@_DqAe@m@iEi@MQg@\c@v@]|BDb@Mr@?`BH\Ep@VrEAnBWn@HH[JMx@c@|Ac@l@Ir@oA~AKr@Ft@{IcF]Cf@zCXpJEvDc@`Cs@Za@oAViADgET_@Ow@Hb@XIi@NHCEHX_KMqASBXQy@lAK\Ad@F@[pB_AfEm@pAsAvAi@bBuBrBWdABb@}Cb@i@\}@IEs@DRSh@Gt@[BA^a@l@SNQ[c@p@q@HcA~E}@tD[d@c@rA}AhCUt@kAdBwBlFuA|GAf@FGLuAQhAEAYfDAvDT|BPRGh@IB?Ro@TiAx@[~@wA~AG`Ck@|ABjAO~AYl@cB~MELmCjDIPLGcBbDsAjBu@tBDnA[EFjASdBd@lCGdDKXAdCa@xB[h@StE]nADhCeAhK?bBSx@B`AO|BQnACpBVzBAdCl@lG[jCf@rAd@jC~@bCEh@v@xF\xGlAzFb@zE~@dBh@nCCN~ALlAnA^pABlA|AhGRLfFe@lDkCtFkGvAk@JjAIhCmApETj@j@HjC}@|@J@nA]|@i@z@qAfAKfAHp@hAEp@V\EfA_BjBQVy@IOLeBv@}Al@mDtBy@bA?^f@Er@JNVkCb@FhBJTQLd@f@b@nAfDd@XZKJ`@jB`B^fANzAfBrCHh@bBb@rAjAD`@aABa@tC,2
3,2,ÊôöÈñìÈ®é‰πò,0.0,3996,3996,0.0,Ride,,4848593498,2021-02-25-161051-ELEMNT ROAM B77F-43-0.fit,5172164809,2021-02-25T16:10:51Z,2021-02-26T00:10:51Z,(GMT+08:00) Asia/Taipei,28800.0,,,,,Taiwan,,,0,5,0,1,0,True,False,False,False,everyone,False,b6170754,False,5172164809,0.0,0.0,71.6,22.0,160.2,166.0,640.0,True,False,False,False,270.0,,,0,0,False,8882041,1,a4848593498,,2
4,2,ÂçàÂæåË∑ëÊ≠• ‚õÖ,2595.2,2805,2805,7.8,Run,0.0,4755615447,2021-02-08-152043-ELEMNT ROAM B77F-42-0.fit,5075712800,2021-02-08T15:38:54Z,2021-02-08T16:38:54Z,(GMT+01:00) Europe/Berlin,3600.0,"[48.125999, 11.575361]","[48.131774, 11.55502]",,,Taiwan,48.125999,11.575361,0,3,0,1,0,False,False,False,False,everyone,False,,False,5075712800,0.925,8.5,,7.0,,,,,False,False,False,,270.2,262.4,0,0,False,8882041,1,a4755615447,mrvdH_yseAW[KWAMCMd@OdAl@sB}@i@INMe@SQ^NExC\`@TK`@uAUaCSg@DOPVaATEp@IOt@LNlBXZJXl@@LSJMREBCL@FVh@f@t@?`@BJDDF@BDH^JTBLJLDPPXJh@?TCJBRHDNj@HJHV^h@J^PL@\NN@NJRCRFJFT?LFTVFRTHj@EV\`@A\BFLF?@ECC@AF?J[U_DmCs@pCkAFUCOGQQEDGA@U@DED[DcA\EDM@KIK?MKMEc@FQM[Ba@UY?m@OM?e@Ig@A[Iu@?KAYKIGSEIGBAD@Fb@AL}@XGF@DADa@\CLNTELq@x@]LURIBU|@CTWRCHIH@BCDWVOBKd@CHWPAHC@S?[JSVULKNIBEDg@NOB{@@c@F?AQEAA@EAAU?WKE@EEW?FADBFAC?GHYNWK]GOMo@IKE?EBMDa@CG@IGKDEBBABNXCJ@HJJDJCR@JAJJTGTDTADIB@JGBI^UZIPGf@Aj@AFE@GR@ZTTL?DD?HDFTr@EZF\JNJ@j@CXGBB?HLLNZBPR^l@b@\CBBGh@GTYr@c@|@JvAJ^NXKZMD[EG@SPILkAl@GAOOG?KPCVSz@EZBf@FZL^JbADd@?`@TfDDlALnA?TDv@JNBTJFL\DBCHG@ABIp@?VT|ABd@Lf@@j@VpBFTC\@?Fb@BFFD\?NTL`@ATH\H@NNB`@@DE?FX,2
5,2,ÊôöÈñìÊ¥ªÂãï,29887.4,3230,3230,453.6,VirtualRide,,4545471267,1231.fit,4856394278,2020-12-31T16:12:58Z,2021-01-01T00:12:58Z,(GMT+08:00) Asia/Taipei,28800.0,"[40.779389, -73.965438]","[40.788594, -73.965577]",,,Taiwan,40.779389,-73.965438,11,4,0,3,0,False,False,False,False,everyone,False,b6170754,False,4856394278,9.253,22.8,79.6,,207.5,217.0,670.3,True,False,False,False,306.0,132.8,4.4,2,1,False,8882041,1,a4545471267,cv{wF~jmbMtI`HtFrAjDDzBzEv@bApAdArCd@RvCmAjHGbARjDe@pB_CjCm@\cDc@wIN}CqC_EgHcKyLoBkAqDN}@UmA}CkFsFqBc@wH|A}Bo@oBqAsBsC}AkGeAgBsAc@{E]aCwEmKcGy@aAoCyJ|B}FJu@GkBuC_HEyCKy@iBgCm@kBg@k@oALe@x@HxBfAhCDh@YfAu@`@q@UiDoDoCuAsAYu@ZqC|GoAjJ?`Af@bAnAv@~@A|@q@p@iDt@_AbG}@dA\xAvA~BvHbCnAf@l@jBtGz@lBtLfHtBhEhH|@rAfCf@tCh@tA`CbDxBpAdB`@zBOtDgA|B`@dBvA~BvCjAzCjAZfDMdB~@nJxK|ElIzB~Bp@XjISvCf@hAi@pB{Bf@aBG_GnAoH@gCVaAVa@pASzClAz@`AzBxEdEtC|A|BFhBwAfF@xAVt@xCpDnIvE`@~@Dr@ShBqAnEc@|@s@XeAq@oE}EaFwDyA_DC}@Vo@pF\xDqChBKpA}AfAl@n@dAE~A_E~J?fAf@xC?v@sBhBcA|CUdBDx@n@lA~ExCvAVhAMz@s@pA{BbHqV~DwJt@oCCmAa@{@mFuDuA_@aAFcBbC_@UiAwBcAe@iAl@]h@uBpFm@x@_CViDdCyEe@[XGvAp@rBbBnBnEbDhEfFFhAWz@wAz@{AUmEsDiIsKaMwF_A{AoAuDk@m@qCU{FVkAa@gCsC{DcHcKoLiB}@iDN{@UeAwCqFyFwBc@oH|A}A]_CqAyCkEaAoEeAuB}Ak@aFc@mAuC}@kAcLyGgDcKcDqBsBeHiBoBmAW{Fz@y@dAo@bDeAt@{@CmA}@Q_@EmAhA_JvCgHv@Uv@NzDrBlCxC~@Px@o@NqAoAkDI}A`@}@`AUd@^hAzCbB~AxDx@fFCfHdItDbCjBR~DkBvHf@x]bUd@^`@pAQ|G\vBz@xBrSzP|GnBbEPfBdE`ArA~AjA`CXXxCsAhIL|Eo@~BgDtCcDe@uIJcDyCeDgGwKoM_CkA_DP_AUkAaDsFuFyB]cH|AsBg@iBiAiCkDwA_GiAkBcA_@kFc@mC_FkKaGe@m@wCcKxBqFNoAGcBqCuGQoAAeCcB}By@_Ce@g@mANk@|AVnBbAbCKhAo@n@kAWmDqDqEeBcAf@oC|GmAbKN|@f@n@nAl@tAU`@m@l@_Dj@w@fGaA`AT`B`BzBnHlD~BjBxGz@jB|KrGpCbFxGn@xA`Cb@bC,2
6,2,ÊôöÈñìÈ®é‰πò,0.0,3639,3639,0.0,Ride,,4545490229,2020-12-31-161125-ELEMNT ROAM B77F-40-0.fit,4856414480,2020-12-31T16:11:25Z,2021-01-01T00:11:25Z,(GMT+08:00) Asia/Taipei,28800.0,,,,,Taiwan,,,0,3,0,1,0,True,False,False,False,everyone,False,b6170754,False,4856414480,0.0,0.0,78.8,20.0,185.6,211.0,675.4,True,False,False,False,312.0,,,0,0,False,8882041,1,a4545490229,,2
7,2,Westpark ‚òÅÔ∏è,7600.9,2570,6058,44.0,Ride,10.0,4538882408,2020-12-30-112146-ELEMNT ROAM B77F-39-0.fit,4849398087,2020-12-30T11:21:46Z,2020-12-30T12:21:46Z,(GMT+01:00) Europe/Berlin,3600.0,"[48.13118, 11.554938]","[48.131947, 11.55544]",,,Taiwan,48.13118,11.554938,4,3,0,2,0,False,False,False,False,everyone,False,b6170756,False,4849398087,2.958,8.2,,21.0,38.7,,99.6,False,False,False,False,,530.6,505.4,1,8,False,8882041,1,a4538882408,{rwdHiyoeABHl@z@JPX^xA`CLZB`@C|@BX?b@OlBE~AMzBAf@@VET?z@KvBK`E?XDz@OzD@z@ERHjAH\j@v@zClCPJFPAFGB?JCLCFKLMd@Ij@QxAMb@Eh@M`@WxCO|@QnBW`A@JHVRTHPLPtBvBxA`Bn@z@\V^`@`@ZPXNBJCROTWVMPQHBXX\RT\@NCd@?`@Jh@?t@Dh@BxAFbAFvBNr@RvAPh@Jr@N\ZjAJRFFRNZHf@f@HXVxABhADd@VjDJn@Ln@TXj@z@h@^p@t@h@z@J^DnAKxAKt@GJe@FUHONAHE?HKGDADNNGCEBD@BCCS?@ED?DB??DKD?BAZP^BTAHFV`@d@\~@NXRNRH^CTFLAHLUCYK?HCEGCGIEa@EEE?IAI@ICAGA??BGUAWGUSKUCMc@I?ONGG@KAIF?@SGcA?^FRDh@FV`@^^bA^`@`@Vb@JTL^TRXL\DP^fAHh@@LEt@XtAHz@?|CLlCV`CCTIb@Qd@UdAKhAGVGICSWy@UQc@McAB[Hg@R]XUJ]`@]LAFD`@CL]`@YHc@CMMCO@m@GiAVoD@qBDg@BIAK?s@He@XoCAQHcAE[Hm@AEJKBBFEFBt@M\BPCHFX@`@HdA@NIFa@Mq@QWQ_@_@Wm@w@kAoB_@y@YkAU{C?e@Dg@ReAAe@Mk@Ua@UQ_@c@a@cAIc@Gy@AOBKVUNOBIDSIsCMgAA_@@{@_@uB[g@Y[MGm@s@_@aA[uAQgAUy@@[KkCQcBQwFEa@Ya@k@e@OEODaAl@[HK?[[s@i@o@{@q@q@SYiAeAa@k@US?QQMSYMYMIE@EDWfAOJk@E}AFg@Ec@IeCAm@G}@@a@Co@SmAEKGKcAAe@DgCLcBCOAiBM{@]{@[iAc@k@c@w@GCACYA]GAEKsAFSFg@DkBDm@@_@JeAAIAEEAq@OkAc@]Sc@_@a@o@Ui@Qq@U}AGiB@uADgAFq@F[l@oBpAsCfAwAp@o@dBcAx@wAV]R[|@kBZ}@~@eBNSVc@r@@VD^?DHFTD@BD@Pd@OYq@J?BDEPOiAE`@,2
8,2,ÊôöÈñìÊ¥ªÂãï,38123.8,3612,3653,240.0,VirtualRide,,4545470763,1229.fit,4856393744,2020-12-29T15:58:33Z,2020-12-29T23:58:33Z,(GMT+08:00) Asia/Taipei,28800.0,"[-21.737782, 166.182654]","[-21.707182, 166.167483]",,,Taiwan,-21.737782,166.182654,0,3,0,31,0,False,False,False,False,everyone,False,b6170754,False,4856393744,10.555,19.8,74.3,,199.9,216.0,722.2,True,False,False,False,323.0,120.8,10.4,0,1,False,8882041,1,a4545470763,dttcCqphu^o@nCoDvAGf@|L|b@GvAwEzFQ~@hHdNp@vCNpGC|CaB~FkDrDQbNl@dBzFfFxChEhDrBhB`IpJtMhDnCG`CkD`ALxBuCbEOvAHvAj@p@lGkAbBtBFpBwBfBj@bEwAfCgFe@iAvAwAH}BrA}AcCoBMuD}AKuAdByABuB[g@gCKe@cCq@o@qGwBqO_CwCl@_JAcH{DgD}@qB`@sAtAqIaA{GlEoM|DiDr@{HPmF|@cEmDqDsEkAwCcBiAeDS_GlAeDoBMgBfBiFHaDw@eBqBcAaD{H}R[CkCdAy@dAmD`@eHlFmFCmDmT]Yc@NkCWcAcEuDwJc@eIqAkCw@iDuCgOeC{@eA@cEoEiCaA}AH{CtGaDJeF`DaAR_B`EsA|AoBjBs@bJB|As@NwB{CuBdCsCoCgCv@iEoFmD?eAtImNx@AxExC~@i@v@qD|DfA`A]\gGb@m@rAC|CjAfBi@N{BuBmFMeBlB}A~@qFrAsAiAaEvD_Mn@q@vANrGgBhCsA`@{At@g@dApAu@dCz@`Cz@b@pIkAjCwCnAe@x@Z|ChGz@dGKjCoBhDuChAsChCc@nCRlDxAbEjB~BrBLbF{BtDKpB`AvB|FKlCgAxBwCf@_FQ}@d@i@tAWhBRvAtEbFVtBe@hCuAfCiGjEkB~Co@dHlChEvIpElJ}A`BgB~@gDo@yKrD_I|BoCzBgA~G?pBj@|BtBVjASlC`BtB{@jBzC~@g@`CeBEEdC{BIe@|@`CtAEn@m@VBn@vBOPj@YdApBZKrBxBNA~BpAU`CsAvB`E~Bk@`@zBtATLvArAwAn@x@`AcAlAx@v@wDdAFn@gAdAv@hAkBhE`B@mCz@[^uBjBNj@wKvGuGFs@iRir@@{AfAmD?sBwEg[cAqUs@w@sE|@uCq@eJ}JaGuLyHsG{ReFaBCcBlBlAzBoDOWd@vGzCNjA{LrAnOpEWv@aMpHj@fA|OzBgHrDpC|Dt@hDYpC{B|C}C~A{BReI{FqGRqAoCEqBw@o@aBsEs@_@uBt@oBdCaJlAgBeDn@aDuAm@eAzB{CzAkF|AoBMo@l@yD|LhAjEyA|Ao@xEyBjBT~BnB~EQpBuAd@iDmA_BJc@`AYrFgAVqDcA{@lDw@j@aFeDw@HyIpNDrAdFvCF~@}@xCrC`CgCvC~CvBC~A}A`AsIMiC`AcBpBqDfAe@nB{Cx@MjFwE~Ay@~@OlCjArBdEzBBhEv@fAlPvC~CtChDx@fSdB,2
9,2,ÊôöÈñìÈ®é‰πò,0.0,4555,4555,0.0,Ride,,4535252337,2020-12-29-154613-ELEMNT ROAM B77F-38-0.fit,4845544042,2020-12-29T15:46:13Z,2020-12-29T23:46:13Z,(GMT+08:00) Asia/Taipei,28800.0,,,,,Taiwan,,,0,3,0,1,0,True,False,False,False,everyone,False,b6170754,False,4845544042,0.0,0.0,74.8,22.0,188.3,208.0,857.8,True,False,False,False,330.0,,,0,0,False,8882041,1,a4535252337,,2
10,2,ÂçàÂæåÊ¥ªÂãï,4808.3,639,639,82.0,VirtualRide,,4912493867,Innsbruck.fit,5240158038,2020-12-29T15:47:49Z,2020-12-29T16:47:49Z,(GMT+01:00) Europe/Berlin,3600.0,"[47.272743, 11.395613]","[47.254692, 11.434397]",,,Germany,47.272743,11.395613,0,0,0,35,0,False,False,False,False,everyone,False,b6170754,False,5240158038,7.525,12.7,76.8,,173.7,173.0,111.0,True,False,False,False,333.0,351.2,279.8,0,0,False,8882041,1,a4912493867,s}o_HqupdAl@EbA@lALL?j@HrNfAd@FR@PGJW@[GuAgA}LU{AK_A@c@LWRKpBi@zAWP@PF~@l@t@ZPBRANKVk@XoB\wFXsDJYRQz@]PORUfAsBvA{C^eAhAwEJUNGp@RxBb@RANGLQFs@?y@O}DUiC?]H[LSRKb@Ub@Kr@YtCcA`By@dCyAlAw@ZWx@w@`CwC\i@Nu@LSPGRAb@DPERI~@o@nCcB~@[|DkA~EkARI\Ed@Oh@IRMJATMTi@^WFMHe@Ag@m@mFGsA?[\mF?}@IyAWkCc@oCQcAm@yB_@gB_A}Ga@uD_AsKMuBIg@GcAUcCSqDGiD@wBL_ENqAViANa@PWJWZm@XeAF{AAoAEw@EUAeACk@?cADQJGN@JL,2
11,2,Cycling,0.0,5146,5146,0.0,Ride,10.0,4521910555,2020-12-26-133754-ELEMNT ROAM B77F-37-0.fit,4831411928,2020-12-26T13:37:54Z,2020-12-26T21:37:54Z,(GMT+08:00) Asia/Taipei,28800.0,,,,,Taiwan,,,0,1,0,1,0,True,False,False,False,everyone,False,b6170754,False,4831411928,0.0,0.0,75.6,20.0,191.2,201.0,984.0,True,False,False,False,310.0,,,0,1,False,8882041,1,a4521910555,,2
12,2,ÊôöÈñìÈ®é‰πò,0.0,2905,2905,0.0,Ride,,4468159667,2020-12-13-154153-ELEMNT ROAM B77F-34-0.fit,4774609919,2020-12-13T15:41:53Z,2020-12-13T23:41:53Z,(GMT+08:00) Asia/Taipei,28800.0,,,,,Taiwan,,,0,4,0,1,0,True,False,False,False,everyone,False,b6170754,False,4774609919,0.0,0.0,78.7,22.0,176.3,195.0,512.2,True,False,False,False,350.0,,,0,0,False,8882041,1,a4468159667,,2
13,2,ÊôöÈñìÊ¥ªÂãï,16055.4,2630,2630,147.6,VirtualRide,,4482105893,1213.fit,4789319207,2020-12-13T15:41:09Z,2020-12-13T23:41:09Z,(GMT+08:00) Asia/Taipei,28800.0,"[40.778128, -73.969536]","[40.790117, -73.964059]",,,Taiwan,40.778128,-73.969536,1,3,0,1,0,False,False,False,False,everyone,False,b6170754,False,4789319207,6.105,11.8,78.9,,183.2,198.0,481.8,True,False,False,False,351.0,46.2,17.0,0,0,False,8882041,1,a4482105893,gn{wFrdnbMp@k@Pc@^yHNu@P]b@OfDr@p@BpAGj@NRTTh@`AlCz@fAj@h@n@`@n@PtABNVFj@@hB}@nEShBAdAPzBEp@e@|AeBhBQZ[nA?x@PnALl@^p@r@p@vBjArBz@|A^~A~@jAhANZlAxAfCxD|@bAnCrBjAf@f@Ap@W`A}@hB}Ch@kAbAuDJq@BgAIu@Wm@i@e@qEwByA_AkAgAyA_CKw@?u@N{@t@{BPu@Dq@OaAwAyBq@g@oBgAk@i@g@_AiAoCg@w@o@c@_Bq@}@Qs@La@Va@|@Gn@CbCk@nCc@dD?pALjA?r@WzA_@p@yBzBa@Ni@AeA][EwB?oEVo@K{@s@sAyAw@oAiA_C}BeDgGkH}@aA_Aq@y@UwBHs@Fq@S_@a@WkASg@gAuAaCiCoBaAs@AmAR}Bt@aBPuAYcCuAk@g@_B}Bk@eBi@}CkAoBi@WgAQmCGi@Ke@o@q@kBg@s@gAaAsIsEy@iAm@sBm@eCi@gBRq@`AiBd@{ALsAA}@a@gBm@uAgAuBWwAJs@NUh@QlCV~CMh@DVL`A~@jErFlA`AZJlAv@d@N|AB~AeAfBe@pBTvB?dAVdCxA~KvHxL`I\d@TxA?f@Y`DFrATvA^jAj@x@~BjBpAx@nFpErCnCxA~@pCx@|B^r@Fx@Mx@Tf@v@x@`CVd@p@x@~@t@p@^hA@d@JLNDl@@~A}@~EUvB?n@P|BGx@e@|AiBlBWh@Of@?jAXbBVr@Xb@|@p@bCjA`AXXP`Bh@hBdAv@x@HTjAtArBdDnAnA`@l@xB~AlAb@j@EhAu@^_@lB_DZu@l@oBj@iC@mBIYa@q@aAm@sCqAmCgB{@}@gAcBSy@Aw@Fs@dA_DJi@Ba@MeAk@iAk@u@mDyBc@c@cCgF_A_AuB{@q@EcAV_@f@Qn@Cb@?bBE`@YnAm@xDG`ANrCE|@i@lBcBdB_@Xg@Pc@CcA]i@EiC?mCVs@A_@Ki@_@oBwBmDoGcIuJwBuBYQu@QoCP[Am@OY]a@}Ak@_AiDwD{@k@_@My@Mi@@qDjAiALcAG}Am@_Ak@s@m@_B}Bq@eB[qBW}@c@}@W]]Wa@KqCQ,2
14,2,ÂçàÂæåÈ®é‰πò,0.0,2683,2683,0.0,Ride,,4440704343,2020-12-07-065138-ELEMNT ROAM B77F-33-0.fit,4745740721,2020-12-07T06:51:38Z,2020-12-07T14:51:38Z,(GMT+08:00) Asia/Taipei,28800.0,,,,,Taiwan,,,0,4,0,1,0,True,False,False,False,everyone,False,b6170754,False,4745740721,0.0,0.0,83.0,20.0,188.8,197.0,506.6,True,False,False,False,293.0,,,0,0,False,8882041,1,a4440704343,,2
15,2,ÂçàÂæåÊ¥ªÂãï,25792.3,2740,2740,163.2,VirtualRide,,4453196746,1207.fit,4758859929,2020-12-07T06:49:38Z,2020-12-07T14:49:38Z,(GMT+08:00) Asia/Taipei,28800.0,"[37.540463, -77.4331]","[37.534849, -77.430965]",,,Taiwan,37.540463,-77.4331,4,4,0,4,0,False,False,False,False,everyone,False,b6170754,False,4758859929,9.413,18.1,81.9,,184.4,195.0,505.2,True,False,False,False,295.0,64.6,4.2,1,0,False,8882041,1,a4453196746,{bcdFzsrwMK\e@`AqG~L_KdScE`IeC`Fi@`AgQ|]Gd@Fd@JRJLZVfG~DHN@RM^oD|GSf@wHjO{CxFsBnEy@vA{CdGSZKJk@NKHO^Y`AwC`GS\[Pi@RUZGb@A|@Mb@yFzKcHlNqG|LGPARFRLFNALIbAyBhEmIhJeRzDoHXYn@MVYHSBS?_ALe@f@gApB}DXe@LORIP?d@Hn@d@bAhAx@j@zMbGrEdCb@NR@PCLSHSDWHgADYj@qBdEgPLo@B[BeFA}FDiF?wND_GGYUIwA?}@ESCQK_Ay@{F{DOMKQCWBUHQzIcQxA{C`HiNbAkBNKPANH~CfDtAjA`AdAvB`Bb@JRANIZ_@dAkCtBoEjDuGvG{MfDmGfBmDrB_EtA{BxC{FjBeDb@q@ROXLTPjFxFRLTCNOjAcCNo@Bq@KkAAq@PgARi@`@{@jAqC`FgI`CoEdBkDJSHi@Lg@l@gAtFeJnA}BlBqClAyAnP{Ll@k@rA}AxAyA`@SxA[vBq@rBy@\WJODQASIQOEO@aB`@oGnCa@ZmE`FmAx@}@Zk@L]BeDQm@?sA\{F|@Y@EEASFK^]BQK[MG_@Ig@Bc@LIM?UDEn@WHMXy@JARJj@n@`@DXKHKDM?c@EOS[yAaBOIQEOFML_@fAO\}FxKwArCM^Db@VXhBxALb@Od@sCdGQTWLWEQQ[a@u@q@_AgAQKQ[YUqAyAkCiCYSO@MFKNsAzCmKfSQ\K`@@b@PZh@n@|IlIv@l@LT?XIT_CxEqCrEqAfCgD`GiBlDQNWCe@QYQi@m@WMc@KkBgAoA_@gAKOEwAmAQKSAMBKJg@|@mDfHuNzXiG`MqCjFcEfIeFbKu@bBYd@oE|I_@z@GTAXBVTd@`@ZbG|DJR@TGR}C`GmBzDU`@_GjL}@`BgAxB_BlDyAlCuBdEa@p@MLm@RMJOd@Oh@Qb@yC`G_@Vc@LOJKPGTAfAETGR{FzK_KjSwDbHGVBTLNPCPIt@cBfAsBrMuWtEyIVa@NKd@ILGLQHSDSAq@Jo@`@}@jCiFNSPMTCT@h@RnBrBr@b@jLfFtBdApBjAz@ZT?PKJWFYHkAF[tEmQb@gBDYDuA@_E?aIAYDgA?kPDqFG]WIuA?mAIOGkAcAgEqCw@k@KMGOAQDQlSsa@fCeFV[LENBLJhCrCdBxAzA|AfAx@^TRDR@NGNKXc@dAkCfBsDbHaNnCwF|KaTtA}B`CwErBqD,2
16,2,ÂçàÂæåÈ®é‰πò ‚õÖ,67207.5,10127,12480,251.0,Ride,10.0,4428963421,2020-12-04-122856-ELEMNT ROAM B77F-32-0.fit,4733309690,2020-12-04T12:30:40Z,2020-12-04T13:30:40Z,(GMT+01:00) Europe/Berlin,3600.0,"[48.134205, 11.553123]","[48.131893, 11.555299]",,,Taiwan,48.134205,11.553123,1,5,0,1,0,False,False,False,False,everyone,False,b6170754,False,4733309690,6.636,11.3,64.1,3.0,139.1,165.0,1408.8,True,False,False,False,509.0,603.6,507.4,1,6,False,8882041,1,a4428963421,wexdH_noeA}DnD}DbJiArAsMZuA|MeAOqCsCoSiBoE|^yH|h@aAnVeDjWaBpIeHtWkEpZ_DjLqOdWcClH}CVd@GsBe@}Gz@eZT}D`H_HhQuAhHwE`{@{B`M@zCxAtFHxJc@dDyB`E_C`A_CrCaKnO_MjUqChGuQ|YoFdDaHW|AjSAra@fAzQxDhSdA|QpAxKvErNhB`OpGnJjBxDxAxF|BzPdG|K^|CSjCc@lAsCdCNh@dDlHdO`T|Bt@tJaFjBJ`IdNhHvU?zEaCvF[dCxHlj@?bKc@jDtD@RpHfFBxJ|TpDxN~D~IpNfc@zJhVvHlZ`AZbHqBrD^LnAk@`Dj@xGnDhNxBpFhG~ZpKz\lF`U`@`FlBfJhB|ErAvQjBdNLzEc@|BeDpCbGfVfElLnGhKpICrM`F|BvBxDbNxEfX|@vMg@vCuB`FQpBfAh]BfK`@rD|DpF\lFUzBgCnGs@dUsBh^sDlGgCd@kAxDoA`Bua@ze@mEpIiIbKmIpOmCzAwGpHrMzP`CFpGaCld@pHhIbIzOpWrChBnK|CdChCf@bDl@v@vAm@L_Bi@pBaARkAgEe@UAZb@Cl@fDp@f@jAs@VoCj@g@nH~AlFc@tFh@`Fs@hL`YfRnKt@bAbCPbFbCzXtXhHzFrRhJv@|BnE`EbS|KjNtLjG|BpLbHf@~ARvMaAl_@j@rb@i@dL{ClVa@|KPlAlBVRn@iE|@U`BnAdS`B`H|AfMlKr]tEpKxAvJtBdG`@dIf@`AjC_EjDiAfE|@_@m@Pc@PnArAd@hJU`F|BtH`L|FjElHhAtI_BpHoHbHoRdCoEfOgNhF{HjBuGzA}NpBkJl@iNsBAwAiDcX}LsBwD}B{K{EgFPsAe@dAuCu@kBcAaBcCuAsF_HaRuAgKiBmHeLy[aEwNsCyQaCg`@_BqGuIyLaLkKqRoJKaBcDpCoFgEcHeOqBoGqBe@}PoS{Uyb@gLmVcR{e@vHcOiK{UeC}LOkQlD_^WqCgHa\mJ}ViO{WsIaMqL{MmNaWuNuRgJmOaWaw@oBcCg@{BoJaTsDaRyEaj@eE{Y]mT_AgL_T{dAkFaSkBkLqB_F{BsPgA_Mh@oA}@mK@_Du@qAgZyaEk@eD}BcIXqNoHacABqSXqFZg@DaV^wHx@_LvAgGt@oJxBcrArEyeAfAuNt@kVS_Mv@g@x@wCfAoa@rHecAbAiQdA{Za@gSZsEEsJx@aARkCNoh@~@mc@v@{K|@eA`F_@rEs@~BeAjDgInFoF`HoLhCC,2
17,2,Morning Run ‚òÄÔ∏è,4195.7,2001,2217,12.1,Run,0.0,4391114213,B617792E-F18B-4C56-B224-3F3348188F5B-activity.fit,4693324003,2020-11-25T23:10:03Z,2020-11-26T07:10:03Z,(GMT+08:00) Asia/Taipei,28800.0,"[23.468318, 120.295783]","[23.468279, 120.295793]",,,Taiwan,23.468318,120.295783,0,2,0,1,0,False,False,False,False,everyone,False,,False,4693324003,2.097,12.2,,,,,,,False,False,False,,15.0,9.2,0,0,False,8882041,1,a4391114213,}sfnCsgf}U@HBBZHf@Ap@Db@Hf@?P@X?^ET?p@JJIJ_@T[@G?k@BC@EKOF[?OLiABGHAxBVb@BtATVBhARx@DbBXnCXrAPhDXvBTdC\bAJj@LbA@nBP\HX?t@HdA\L@VE\DRAJDv@JXAPLLFj@FX@rAThA@NDT@LF`@?^@`@JR@RDRF\FJ?FB@D?TBTT\AL@^CHL?@@GBOACCDB]EEEFSIBBJHLDABECCVCRu@Fc@FIICBAAL?GEBD@BNAHDFkA{@BKrArALLHB?CmCuA|@R`@Ta@UPNFAAGBIVRBDGA@BDHDDH?m@e@?IHMRGDIDCCq@@Ut@]g@_@HL{@xCEKABC?MAc@O{@CQEc@CIE}@Ig@?k@OQAUIm@CSEa@EEEMGi@Bk@GMGc@Ce@M_@?WCu@OK@UG_@?MCu@CKCU?a@Ie@A{@Sy@GSE]?q@G_@IsAQYCc@KeE_@i@M_BKcAQuCYaBIw@SQ?i@Is@OqBQI@SCMNUBEBGRGj@?XK`A?p@G\GFSBUGM?w@IO@GGOC_@DyAIUIE@UAEI,2
18,2,Morning Ride ‚òÅÔ∏è,8447.0,2483,2683,28.0,Ride,10.0,4333933727,E67E083D-38F6-4DF3-8034-6338D9128FFD-activity.fit,4632826799,2020-11-14T00:53:57Z,2020-11-14T08:53:57Z,(GMT+08:00) Asia/Taipei,28800.0,"[25.020722, 121.503294]","[24.982223, 121.533667]",,,Taiwan,25.020722,121.503294,0,5,0,1,0,False,False,False,False,everyone,False,b6170756,False,4632826799,3.402,7.2,,,41.4,,102.9,False,False,False,False,,23.4,9.4,0,4,False,8882041,1,a4333933727,ozuwCqbrdVd@o@NGPODSRSTc@LMEGHUJINCNGLc@?GGSw@gAoAqBQc@G[UWO[KO[OKMO_@g@{@CUWm@e@g@g@y@_@{@SWeAqBU_@[}@U{@DGD@RJJ@FABKIe@@w@Fi@GsA?a@Iy@UqAAcAGiA?[Fi@b@}AViAb@}CJcBLiATo@Ry@?KCEUQEKBuABEFAVAr@QVeBt@}CFu@b@oBB_@Hq@@_@AUNq@Ho@@g@R[ROZIb@FHAFEPWVs@DCTa@RY\u@DU@gABILGlAIJGHIRk@^u@?QKm@?Mv@aAVe@bAiA|BoAhBYF?ZRT\RNTFJ@LCdBw@`@[^Sf@]vAw@hBiA\QfBeAJMDIFY?k@FQNUPKNCb@LL?fAg@rBsC^q@Rc@JC\?NEd@_Ab@sAXe@H[HId@}@d@m@DKF[@UK_A?]\wACQIE?OHCDGLURSVa@^oAn@kAZ{@`@k@ZW?CXI`@QZYb@Kp@GjB]x@Qd@OfCmAzBmAbAs@zAs@b@YfAk@|Ae@\OREzBSzB@bDLZDNCVDpAAv@LTBn@@b@Ab@BhACt@Gb@BlCEdBO\?f@Iz@AjBKd@A\DpBf@lB`ANLn@X\Ff@?DBhATj@FVJn@b@JXJ@RNj@V^^LRHTPHPd@d@x@LL`@~@RRz@PHFTFPA`@Kh@CN@LDF?VLf@EHBLLL\JNtAx@n@h@f@TDRZ^^h@rAx@PNFLPBBRDHDd@RTTrAVj@TNd@`@^Nh@\NDV@PDn@`@VJ\Ff@Z`@h@n@hAz@f@f@d@PXb@nAXh@TTHB@FXLn@z@v@|@JFN[JIBAFPCCEELDFHBEh@e@Zh@BBBCC@@CA?FBCQ_@s@g@i@y@}Ac@c@WMNKXIHOPg@Lu@FOh@g@h@[LMdAsAh@k@Pw@N]JM@SPCJMEBD@CIDIAQLU^oBBAPDDADID_@Aw@My@Du@Ac@@}AGa@I_AGI?GDCEM?QIS?_@BGEFDCCABIME?GJm@BGPCBCJi@DMFG@@Lj@ABDKFD@LC@?I@ADB,2
19,2,Morning Run ‚òÅÔ∏è,6960.3,2835,3077,7.0,Run,0.0,4333768780,0D4E1C51-025F-4D55-91A5-05B88A9B55A7-activity.fit,4632651912,2020-11-13T23:35:28Z,2020-11-14T07:35:28Z,(GMT+08:00) Asia/Taipei,28800.0,"[24.982784, 121.533641]","[25.019814, 121.504647]",,,Taiwan,24.982784,121.533641,3,6,4,2,0,False,False,False,False,everyone,False,,False,4632651912,2.455,8.5,,,,,,,False,False,False,,23.9,9.7,1,3,False,8882041,1,a4333768780,kmnwCg`xdVFE@EE?EHAEBAGCWLe@Fe@C[MQEy@Eg@@c@G[@QDMDONi@Lc@C_@UIAU@YLi@?MDe@EmA@]OKBUEA@?FIDg@DsBe@SQI?QFOLS@DG@IIACGMGAE]FcAIu@@QEq@Bi@GULUd@CVGBQI]q@IIIEaAOQBu@KY?WDg@PWAEBKPYPaANW?WGg@W]KmBsAc@QMK]MMBOJWp@ONG?{@g@ME]Gq@COIQEO?OBy@Sk@[SEs@a@wAi@m@Y_@Ee@M[@o@PmBBcAFkBDi@FgB@iBE[FqAIk@?i@Ku@?QC_A@aAGeBAu@Cm@Iw@Hu@AaA@w@HYHc@DYTe@Vc@Lg@Xc@Pm@Z_@N]V_CnA_@X}@b@e@^i@Vo@Vw@LKJu@NY?YDS?UJSBc@J_@VYJm@n@IRe@~@o@bAWj@Qp@Uf@q@jAANHP@H]bA?HLfBAV@ZCJOT]Z_@h@s@t@e@nAYZCHEBAH@EGIEMDHAI@JHPEG?DGUAFDVKNKFo@JEFI^KLs@l@uA`AMDUCGCU_@GAG@c@RaB|@i@b@UNk@N]Ne@Xy@p@e@ReAp@s@Xu@d@OFkAz@yC`Bs@h@mBdA[Vi@n@Yf@q@p@OTATNn@?HM`@i@~@UVm@@QB]XALDb@A^k@v@[n@]\KXEVKLQHUE_@?GBSPMZm@`EQfCMl@]pA@ZMVEd@Ql@ExAGLIF[BOJc@LCFBb@Cl@R\?Fc@lAIdAINAFBz@e@dCE\aAtEGp@@zADnAVnADl@F`CEnA?p@@\?RDNZp@J\Vb@x@dB?FELBJ`BpCn@|@r@lAXp@tCxER`@VZHR?J,2
20,2,Êô®ÈñìÈ®é‰πò,0.0,3189,3189,0.0,Ride,,4320427502,2020-11-11-020056-ELEMNT ROAM B77F-31-0.fit,4618442829,2020-11-11T02:00:56Z,2020-11-11T10:00:56Z,(GMT+08:00) Asia/Taipei,28800.0,,,,,Taiwan,,,0,5,0,1,0,True,False,False,False,everyone,False,b6170754,False,4618442829,0.0,0.0,74.1,22.0,195.6,213.0,623.9,True,False,False,False,301.0,,,0,0,False,8882041,1,a4320427502,,2
21,2,Êô®ÈñìÈ®é‰πò,0.0,3060,3060,0.0,Ride,,4304912337,2020-11-07-234849-ELEMNT ROAM B77F-30-0.fit,4601947844,2020-11-07T23:48:49Z,2020-11-08T07:48:49Z,(GMT+08:00) Asia/Taipei,28800.0,,,,,Taiwan,,,0,4,0,1,0,True,False,False,False,everyone,False,b6170754,False,4601947844,0.0,0.0,80.8,23.0,203.8,214.0,623.6,True,False,False,False,309.0,,,0,0,False,8882041,1,a4304912337,,2
22,2,Êô®ÈñìÈ®é‰πò,0.0,3300,3300,0.0,Ride,,4295292183,2020-11-06-024529-ELEMNT ROAM B77F-28-0.fit,4591710521,2020-11-06T02:45:29Z,2020-11-06T10:45:29Z,(GMT+08:00) Asia/Taipei,28800.0,,,,,Taiwan,,,0,7,0,1,0,True,False,False,False,everyone,False,b6170754,False,4591710521,0.0,0.0,77.2,24.0,192.6,205.0,635.5,True,False,False,False,376.0,,,0,0,False,8882041,1,a4295292183,,2
23,2,Êô®ÈñìÈ®é‰πò ‚òÄÔ∏è,29413.4,4137,5103,35.0,Ride,10.0,4287920996,6c4a6796-2a59-4ce9-a942-5691d1a5561f.fit,4586696143,2020-11-05T02:21:28Z,2020-11-05T10:21:28Z,(GMT+08:00) Asia/Taipei,28800.0,"[23.464582, 120.296654]","[23.468332, 120.295715]",,,Taiwan,23.464582,120.296654,0,9,0,1,0,False,False,False,False,everyone,False,b6170754,False,4586696143,7.11,12.1,66.9,30.0,127.6,156.0,527.7,True,False,False,False,582.0,27.4,14.0,0,2,False,8882041,1,a4287920996,s|enCamf}UpZfDv@PbEd@dEV|HfA~D`@`DTFEJ]EZKVDHx@AVB`BXlBt@lBtApAvAbHrJz@x@dBqAhBeAxQuJ|A_AdIoErAo@TUL_@RwAVo@|@yAFSFmA?oAKcBBmBLgBC}H_@kH?kAPwGJ_Ad@iCP{I@cD\wDCc@O]W[s@k@i@]oAg@{KmC{@YsBeAyHyCqA_A_B}AcA_@qNaCyJy@eAOgLgAoBMgCF?r@IRIFoA\iBLuAd@OTAdB[x@Ih@OJcB@yI{@AGDOdAsCxEmNEVmGnQQl@JJhDXlDb@E|ACRe@lAa@\MTHdA?r@Nf@A`@HXIJO@yNuAa@OAWp@_CDa@GgHFpGAZG`@BICISGuRRIMAUMkGUe@sBgBEQzCkYNuBJu@FOHEfALlEL|R`A|ABvIf@xK\bAFRJFJNB~@I|DFvALn[xA~@?RGR[BUC_@HQd@e@zIiLn@SdCMp@MT]X_BLU`@EfDHHEBK@m@CYCFFp@JXzC`C`A`CtAvCbB~B~A~Dh@dBHp@CzEI`CYfYC^ITi@r@q@pAv@dAJ`@@b@YtCI|AMbMKz@e@`CMzDAbC`@xJ@tEQnGJzA?hACt@It@MZURENH?T]Pu@HIFHHt@HTfAz@JTFd@JfBjAnE^lCHVDJh@Vf@lATZd@b@XHhADbBg@vFr@HIFc@FGfDd@hBd@v@Ah@IJQNiA^iG?yAI{AGMaDf@k@?e@GODk@p@s@tBy@zEIlAI\OHkFw@[BwAb@cAIYM]]Wc@a@cAk@[KSc@wCiA}DMqACaAMWy@{@OSIc@Q{A@uAKuALgG?{EEeCWuDCuAReIf@sCHy@DqAHsJ^mE?c@EQGQW[cA{@oAk@uMeDkEoBgE}AuAq@eAy@gAgAYQ]MyHuAuEs@mFa@cHw@wLeAY@OLGTM`AkAlNgFrj@c@fGcB|Qc@xCUzB_AjLiBjSYbCUpDs@tHMvBMl@U~Be@bHo@rGTNr@@nMtA|AVpIx@rARz@ALULu@b@wFAk@Ns@DaBR_BLiBb@eEBw@?iAXuBJOH?tg@nMlA^b@VhAbAxDdFhKjOt@r@H?BEEYsBoCqAoBk@iAwRcXgMqQiFcH{AuA}A{@mAe@yCs@EQH}BJ_ACEKBILGhAHMUpBOPS@{Gi@mFk@qB]sD_@YMY@aBOcAUmCOsIcAkRmBmDSSBOJOh@UxEIJeDGa@GmB?UGGIKC,2
24,2,Âòâ44 ‚õÖ,46899.0,6288,9041,112.0,Ride,10.0,4256926633,2020-10-29-000114-ELEMNT ROAM B77F-26-0.fit,4553799986,2020-10-29T00:03:29Z,2020-10-29T08:03:29Z,(GMT+08:00) Asia/Taipei,28800.0,"[23.474985, 120.297714]","[23.468493, 120.295723]",,,Taiwan,23.474985,120.297714,10,13,1,1,0,False,False,False,False,everyone,False,b6170754,False,4553799986,7.458,13.0,68.4,27.0,136.7,165.0,859.9,True,False,False,False,593.0,69.4,26.6,4,3,False,8882041,1,a4256926633,s}gnCusf}UsPkEy@_@a@a@Oe@E]]yOSwD@s@Pu@Vq@n@gA|EmHh`@gj@hVc]xBuCTME?QVFTzDlDDT}Enf@}Cvc@_@bGs@`P?PZRbIh@hl@zEnYnD`Hr@HDDTm@hH?pAPT|@NNAJOZ}BFu@LQt@BtSvBLKVaAVQp[l@PFRPJMdCmAp@w@n@c@rAUF`@CjAsAzBk@lCU\{@r@y@h@QTh@g@t@a@v@m@n@iChAgBRu@LkCOaBJmEBuGGeCYcF?sARyGr@aELiMLyBRmBGk@OYw@s@}@m@uAg@{MiDkCqAwGgCeBsAaAcA}@_@mNcCk^gDnBgUUAiAL{Hc@{DIsD[cFOYQCUHcAV_TJoDAyDI_AOMoBEo@I[WC[@MGRMP[Tg@M_ADo\UyO]]EUOWeCy@_FaAuDgd@ykAcBsEwVap@_AmCk@qB_@_Be@{CYcDKmDE{KB{@BgwAEwCY}E_@gDu@gE{BwJ_K{f@cNmq@o@oEoA}Fe@}DMiBIuC@gCRkDPeBbBaJxB_KxBaLxEkU^wCnCiNbLaj@z@yCzAiHrEaVbB{DtI}PzBgF|@oDp@qDNe@jBkJp@wBdI}P\m@dCeDjBaEhB{CtB{Cl@aBXsA^AHQ[SG[QmEB]Kk@KoAW}FIgEeAcRqA{[@}@UaH[cEGwDe@gKCyAUiC[oI[EuGb@gBNb@D`BQfBe@lAKXDP^V~CbAhWTlEHpCR~CFxCLxCR`D@rBJnAHzD^bHFvBL`BRtFRlB?X`@xI?`BDrBXbFDrACt@Uz@kBnCiAfCeAlBeBxDgBjC{BxDaDvGm@hAeAhAsArCw@~EW`ASVcBzIe@zAuMdXm@bBk@vB]x@Uz@yEzUs@rEuAbHkArFgAfEmEdTk@|Cm@fC_@`CW|@_CdL]vB]nAcD|O_@~@c@P\?BHC^iE`Tc@|BQrAU|DChEPvDV~B\bCh@lCnA`FbA~EtOhv@vB|K~B~KZfB\jCzBvKj@pETzCHtEAlG?n\B|VEbFFdGEnC?bTHbDL~ARrBd@~CbBdG`CbGnCxHfDtInB|EbJlVfBlExAbExFrNFP@^z@fBdT|j@|@jDt@dETlB?f@`@~Fn@|Hb@jCb@xAf@fAt@pAr@|@pAlA`Aj@rAl@pA`@jARhCfC`BrAHRiFfg@o@nKgCx]g@`NWrEcA|XHr@^ZLBVOTBLEJ@,2
25,2,Afternoon Ride üå¨Ô∏è,6625.4,1428,1661,4.8,Ride,10.0,4227535891,E760B7B8-B14D-4B65-8057-07CC12D89290-activity.fit,4522736840,2020-10-22T08:09:20Z,2020-10-22T16:09:20Z,(GMT+08:00) Asia/Taipei,28800.0,"[24.209409, 120.61199]","[24.174383, 120.643979]",,,Taiwan,24.209409,120.61199,0,5,0,2,0,False,False,False,False,everyone,False,b6170756,False,4522736840,4.64,11.7,,,51.6,,73.7,False,False,False,False,,178.9,97.8,0,0,False,8882041,1,a4227535891,wkwrC}_d_VVJV@f@P^Jf@Fv@PVBVGL@xB`@t@TlARXJtCf@~@LlB\zAR|@PrAPb@Jd@HT?\LP@r@TvAl@NABCr@P~DtAtA`@x@LxAh@N@\PHC`@NHATFZRP?h@RZRrAj@TFR@~@DZE\Fn@RVP`B^jA\h@J^Ll@NNJ\DVJ`@HXN\Dp@V\Dz@T\Lv@TXLJ?`@Pv@PR@HDNB?@FAJMRk@Vi@Hg@To@b@eBZy@lDmLfA}CBQTs@Jg@v@kBBc@XgA\aA\uAFI\aATeAd@aBXu@JOTg@HIFOBQDw@Ps@Vm@@]FOTWDI@i@@G?OBKd@u@EKNGHQJIG_@FWl@u@DIJu@NGFGBe@L]Zc@JS?ICQ@Kf@wA@ECEBEB@CG@IFEVCDG@KA]Hk@JSVWBQBIEOBC?UZSRENUAQP{@L]FE?a@J[FGLWDQ?QLGD]H]AGBMJEPYh@kAHe@X[@m@Hg@Vq@@KRi@NKb@}BRm@Hc@HCLMZIBG@IEk@Rw@CMDIG_@FG@Kd@gBReALYNwAj@}CJ_A?KCIT_AHm@BC@EDm@DIHe@Pc@@STq@Hw@RcAAKBSFCBSHOHW@ICSHWBUFGJ[EQJOEK?KNq@DGDSLQ@YRs@@c@L_@NcBPY^[J[J}A?mALODA?YFM?WDG@QXm@X_@F]\k@JIPG@G^c@`@UHKPc@Xk@h@sARYH_@Na@HGBOFONMLYn@w@^y@JKLIfAiBt@{@Na@DC@WBGFA@SDE\GFENYDa@DMDBTIZ]ACIAGM?BVWr@WV_@ZWHKh@GDCl@y@Xm@V[bAy@h@[VGj@CJFNA^@JG~@KRIFP\CF@DHAFHV,2
26,2,Lunch Ride ‚õÖ,7762.4,2329,2497,93.6,Ride,10.0,4227164442,B0197E4E-395A-43A9-9331-AEB596E99976-activity.fit,4522331418,2020-10-22T04:49:06Z,2020-10-22T12:49:06Z,(GMT+08:00) Asia/Taipei,28800.0,"[24.170194, 120.645701]","[24.209548, 120.612004]",,,Taiwan,24.170194,120.645701,0,8,0,2,0,False,False,False,False,everyone,False,b6170756,False,4522331418,3.333,11.7,,,72.0,,167.8,False,False,False,False,,178.9,97.3,0,2,False,8882041,1,a4227164442,uvorCsrj_Vc@m@KYMGc@eAMMUEOICKF]MG?GK?UNc@Ju@v@MFCX]Li@~@c@VWDYXYRY^]ZcCpAg@`@gANg@NK@GJOz@@q@E@]Ei@Pa@HQ@_@CIBIDa@`@O@KFK@WEO@}@r@e@l@a@FSFi@l@k@\K\W^SRG@AAYV]v@aAvAEPa@^]v@i@l@e@~@}@t@UVW`@[l@o@bAe@b@Yz@IJI@GNYnAIHELG@@ACHWVGBOJ{@fA[bAa@t@W\Sf@EPE\EH?JCF}@tAGO?HMz@EbAIh@Ox@]lA?PUpACb@KJGRYvAMdAMb@Ep@QjAEl@GNE@AHEFCTGFUtBQd@I~@[`AEF?FOn@Cf@m@zC}@xFWpB?NYxACf@EHa@RMRCN?^Up@AXCLUd@K`@c@nAUb@Sr@MRK^ANUf@GXKRQn@AVGTu@rBGb@]p@Ir@Ql@KRU\Q`@E^?RI^U^QHCVu@vA_@~@Wv@WjAGn@i@bAY~@_@|@G\IJOj@Yd@DnAENGHOv@q@lAa@pAo@~A[n@?DABAA?HHWFI@EQPHSAFOTCAEHSv@Gf@Q`@ETWv@MZYvAIRARI`@i@~@Mh@Wf@G`@[|@ETOZMHWCMQe@?E]YB]MKNC^e@a@C_@QSQKm@K]OUE}@LU?G@MJKX]Pu@t@Qr@INKf@_@zAEf@GvA?jBIp@FCDIJs@Hc@?QEGBIBCAAGRSz@?hAEZINUFWTYn@UX[V]h@QDk@EgAk@YEs@Ok@CsAg@e@WaAW]]QIq@SuAi@WEWO}Ai@sBo@cAUkCcA{C{@]GqBw@WEu@W{Be@aAGg@MYQWIo@GeAWeBMQGm@[{@Ug@E{@?e@IU?QGAEz@LDFAFGBEAq@SCG@AT?j@HADE?KCs@K?CHCTBd@NDDADY?UES@EFEPEt@KFM@iBi@wBUy@Qo@KQ?_BWc@OoAO,2
27,2,Ë≥ΩÂæåÁ∑©ÂíåÂõûÊ∞ëÂÆø‚òÄÔ∏è,27086.0,3268,4426,225.0,Ride,10.0,4209190216,2020-10-18-015235-ELEMNT ROAM B77F-25-0.fit,4503265976,2020-10-18T01:52:35Z,2020-10-18T09:52:35Z,(GMT+08:00) Asia/Taipei,28800.0,"[23.267677, 120.500542]","[23.127082, 120.463732]",,,Taiwan,23.267677,120.500542,0,8,0,3,0,False,False,False,False,everyone,False,b6170754,False,4503265976,8.288,16.6,73.7,28.0,110.2,143.0,360.2,True,False,False,False,461.0,575.0,80.6,0,2,False,8882041,1,a4209190216,}m_mCkgn~Ur@d@jDMRNMNeAN_Br@mBS{C?aCv@q@I{CuAsAQ_CqAWCIJNb@vAxApBdAjB~BrB|C\D|Am@d@CfBj@~CZfAp@z@x@dBj@j@jAZ~AY@_A_A}BE_BiAYAiC\g@Vw@|@{@dC[RaAYoCaBoCRwBSYQiA}AWKOL?V`AzBZfCx@|@\vATX\It@cAvAOrCvAd@t@V|@TPZEjCoBTBxAlAVr@AzAMh@y@hAFx@lApCdAx@LrAPh@xBpCn@vCAn@bAhCb@^jB`@zDdFhDdAl@?`@YdAiC^wCVqEXU^BrArCz@pEpBpFtAzFhAtA\LZGfA}Ah@UxBSr@PXx@?rIJjA\d@jBpAj@Vp@BxCs@pC|@b@?`@u@IqBDk@^i@\EdAV~AhA`Dn@pCzBnI~Ch@ANMd@oCVm@b@Yj@D`@h@jBxEdB|Aj@VdAEpCkBx@GdCLf@XXv@Gf@c@|@A\ZnAf@t@h@Nr@En@e@t@oAd@KvEvBfCn@bBnBLh@DbBd@z@tA`AnB\z@r@lA~A\Pl@@rAi@l@CvHlBtKtFtDnAf@h@Nl@PJbD_@jC?vBt@nC\`EdAtFbC`DGhALrAn@hDdCbA^hCVvDQ|BpAvBl@j@p@|@~CRtA`@v@|@p@pCnAjCr@lBnAfDf@\d@MvALl@rAbBpBdBj@Rp@IdCgBbAiA`@At@Xp@dAGxBDlCNfATVxFSd@RdBxAlAJlC]`@g@^uA`A[zBZtAdB~Ap@hA@zAw@j@IbDTv@XpAdApC^nB`CrDxCpAbBtBf@xA~ApAr@lEPnBf@nBDp@W`AgAhCsAT_@TwATkDhCwJt@EpE^l@G`@a@bA{Cd@[fBWj@YxBqBv@}Bt@y@b@?hLfI`ChCb@Lp@Wf@{@f@oEf@eBj@cAzGyCv@s@^kAb@qC~@uKEq@}@eCEmBVu@nAqBPs@RcFKoFFy@h@aC?eAmB}EcKoKwJuSyE}GKq@He@bAgA`DgGhE{CnHgG`Bk@~JWfB?~AT~IxCpEz@de@qDfDJpMpA^ErCf@nYxC`C[nIoC|PuBzDWnJHbJd@vKAxDTdEhBdRvGnOdGzGvBdZxKtJdEt[rQlLnJxAXlDg@nCC`C\vAv@~AnBx@zBdKvf@tAdD~PzRzESnIAn@JHnAIdD_GBu@j@m@nA[nASPgF{@,2
28,2,Â¥ÅÈ†≠Â±±Ëá™Ë°åËªäÁôªÂ±±Ë≥Ω ‚õÖ,91343.5,10038,10038,1623.0,Ride,11.0,4209192393,2020-10-17-223007-ELEMNT ROAM B77F-24-0.fit,4503268189,2020-10-17T22:30:07Z,2020-10-18T06:30:07Z,(GMT+08:00) Asia/Taipei,28800.0,"[23.123158, 120.469604]","[23.267655, 120.500956]",,,Taiwan,23.123158,120.469604,8,21,0,54,0,False,False,False,False,everyone,False,b6170754,False,4503268189,9.1,21.1,84.5,22.0,211.8,236.0,2126.3,True,False,False,False,922.0,579.6,29.6,8,9,False,8882041,1,a4209192393,ufclC_fh~UwKQkTjJqGyHmL}i@eDeFgR_A}g@c\sxAwi@ok@yAgd@fHqp@qGke@bD{JsKy[cLoF_\rGuTzEaEmF}M?mIaCoEZ_ImFeC|@kEkCwAsCxDsGjAoB}@Q{AnEXvCkFq@uK{AhGgBbA{JcCgHbCwUcRcETcI~E}D]eA}On@{DfFiFjEv@`AmCeC}A{KPuGmDcB_HeEaJyMsDwPaOy@eDz@sLfDmL{EiHvFkEaGcLe@oTkEwDeBlFiCTPgM{AoCqD`IgCTjA_EkG{KkAqM_H|@_KoHqE~CuGGw@~KkA`Ao`@sBd@rHfBfGbEROrCxBnBCfF_HvC_BrIcKsHgExCOaJ}J_DHuBiAwEsFcB_GlBeDkEqDIaDyF}AlBjDzIpDlBClDmCbBCbHuIbCOrEcKnBaDqFsEjFgPqAaEx@{Ax_@oEvHtJpBvJvKz]vP`ExHZhQxQhYz[`k@hHdSzJvNfF|CvJmC~Cv@nHrEzOzRd]nTvJU`IuMtGmBpa@rGnLjJnCvLtEvDx\TxMr[hNjHxQb]tNhSeAnSgCxFbAbHsAdPcKlHmCjKiA^iRmM_FfH{G~FwHUkEdUkGdCsL}@{RsPkG_CaK`@kHeDkHhDwE_C_F`@_BmLeKhCsDqDc@}D}RmHiDiJ}FyB{IKcHsEyZoGcO`BqBtCKpFwDxEuIBgKeEtHfH|K?iQhIbMdSa@`VhDhGuCdKbCzDB`Pe@|FoE~DjChL|HnFcG~TzFvSkGdMh@~E_F~QwFnI_ArMyMlNo@~E{J~RrFhFlR|BdE`DWhMxEzHDvCtFdG`ApEnIpBMzSdDfR@vXvD~JrITjDvCqA~J`AhFmBrGkGtHyH|BmAnHkHrMt@jNrAzCwE`IcFvPhAjF|QvEn@xB_EjEcN|BaDnDo@zF_F`AnE~DjAlI~J|VwAhSxGpOVj]vAvEyArSoe@dIyXkQ{KqBcHiEkp@ap@aJeQnAwSmGyC}dAcdAcM}Cg~AbDuS[uIsBiLkJuk@}i@iE}LoL{R}I_HaDgBaH`@cq@iRtJua@xP}KhE`C`Pl@nRaG`PmXxC{@dChDjAQiCaGxPkKfIk\bKaHnUgGpKaIzGcAdHqUxJ_CjOqWq@kJbA{NnLqAl]rSrRcAlD_BlCiGzP[|DaLnGuEbBoSoWuLsHiNcTcTaFkQ}CqD_K{ZoBcN`EoLvJyHzGiAhFtCxJv@|DkGuByMuFmHIsEnBkFDeNcCgR}BuEr@kG}@yEjA_EsDiLeMyPdB{RkK}LrAgV}@wLhCtBfAu@`G}\fCuEg@uIfEjAK{IjHjHhA|DPvLtGjP}BtHlC|AvCsAhHvAtC}@iE}@,2
29,2,ÂçàÂæåÊ¥ªÂãï,41483.8,4764,4780,718.6,VirtualRide,,4202344146,1016.fit,4496008141,2020-10-16T09:15:46Z,2020-10-16T17:15:46Z,(GMT+08:00) Asia/Taipei,28800.0,"[53.990148, -1.541262]","[53.990765, -1.541551]",,,Taiwan,53.990148,-1.541262,23,1,0,7,0,False,False,False,False,everyone,False,b6170754,False,4496008141,8.708,23.2,79.4,,209.7,229.0,999.2,True,False,False,False,730.0,182.6,97.0,10,1,False,8882041,1,a4202344146,k}ohI|_lHzDmB|IyF^?j@b@j@~Ble@teCt`@jrDtAxK?v@KP}BQmYsEmLm@aB_A_B{Ac@SWj@e@zBg@E_AsAoADaBkAyT}JqBeByD{FgBgAmAWoW}Ai@e@Oo@E{@dBat@CeCi@qI@s@Pk@pCcE`CcDx@s@zBYZPzAjBXCP]AoBkAqLYuE?u@RgAdIiVr@aB`@a@xCiAtFsEzJkPFk@{GoNaAgCiAgE}EmUg@sAq@s@{D}AqEiDyC_DiEgG]OWb@In@?p@NpAxEhN~Fb]n@vECXUb@}B~@a@^I\B`BOxA]jAe@z@mKvFUUIg@aBcKoB}G{KuUgBeGcAkG}BcC_AyAWsA]}HH]PKbLwCbFqDTHNV`B~DxBhCh@L~Cq@b@a@C_@u@gB{BaKL}@Ze@bDyC|BaBjRaGvBgAhJiGf@Kd@Nh@dA~e@fgCtc@daEOd@YD_YsEqOcA_Bu@}BuBc@Fa@vB[j@c@][o@a@WiADwAeA{UsK}AyA_DcFgBoAoAa@_X{Ag@a@Sk@EyAdBat@EcCe@aHAq@Fq@tBgDtEeG~Ba@\JbBpBZCPa@?sAmAeM[qFDcATu@jJoX^e@fDqAlFiE`JeOf@eAQo@sG}M_AeCcByGuDsQw@yBU_@iF{BiEeD{BaCwEwG]OU^Il@An@LnAnDdKv@rCxFl\h@pEEVU\qBx@o@l@C|BOvAaAbCmKtFUWkBiL_B{FsLiW_BsF_A}FOa@qBqBaAyAUsA]sHFa@NM~KuCbFqDTAtBxExBlCh@NbDq@b@a@C_@w@kBwBsJAe@J]\g@vBsBdDeClQsFtEcCtHeFd@Eb@PXf@^`Bne@peCjChWb_@jhDCX]PiYuEyOcA_B}@cCqB[d@a@zBe@D{@sAqBKyAiAaUcK}A{AoDoFoBmAs@U_X}Ag@YUe@IuAdBqt@EeCe@_HBaBRg@zFgIt@{@\QxBQ~AlBXLXMLc@AqAsAaNUoEDaAXaAfJeX^c@nC_AdG}EnJuOVw@]eA{FsLuAsDwAyFgDiP_@}Ag@kAW[iF}B{D{CuC}CkEiG]GSb@Ip@FzATdAbElLjG`^j@`FSj@}BbAg@b@In@BtAMlA_AdCeKvFW?O[eBuKkAwE_AaCwJmSsBaHcAkGcCiCeAoBi@eJB[VY`LwCbFqD`@RhBjEtAhBn@h@xAEpBo@Ta@EYw@gBsBmJE[Jm@rAaBjFcEpM}D,2
